firstName,lastName,email,profession
Elsie,Thema,Elsie.Thema@yopmail.com,worker
Angela,Zeeba,Angela.Zeeba@yopmail.com,doctor
Louella,Gualtiero,Louella.Gualtiero@yopmail.com,firefighter
Hyacinthe,Wildermuth,Hyacinthe.Wildermuth@yopmail.com,police officer
Di,Kiyoshi,Di.Kiyoshi@yopmail.com,doctor
Kate,Norvol,Kate.Norvol@yopmail.com,doctor
Fanny,Susannah,Fanny.Susannah@yopmail.com,developer
Merrie,Louanna,Merrie.Louanna@yopmail.com,developer
Gusty,Roche,Gusty.Roche@yopmail.com,developer
Gui,Barbey,Gui.Barbey@yopmail.com,developer